field,cameras,angle_deg,current_snap,discarded_deg,mod90,flip_band,multicam_cardinal_conflict,axis1_2d_len,det2d
bccent12,1,-5.26,0.0,5.26,5.26,False,False,0.2376,-0.995
bccent15,1,-7.6,0.0,7.6,7.6,False,False,0.0855,-1.0
bccent1a,1,-7.6,0.0,7.6,7.6,False,False,0.0855,-1.0
bccent_1,1,-7.6,0.0,7.6,7.6,False,False,0.0855,-1.0
bcform1a,1,19.69,0.0,19.69,19.69,False,False,0.0452,1.0
bcform_1,1,19.69,0.0,19.69,19.69,False,False,0.0452,1.0
bcgate1a,1,-32.67,0.0,32.67,32.67,True,False,0.4488,-1.0
bcgate_1,1,-32.67,0.0,32.67,32.67,True,False,0.4488,-1.0
bchtl1a,1,-0.39,0.0,0.39,0.39,False,False,0.2759,1.0
bchtl_1,1,-0.39,0.0,0.39,0.39,False,False,0.2759,1.0
bchtr1a,1,-67.22,-90.0,22.78,67.22,False,False,0.1676,-1.0
bchtr_1,1,-67.22,-90.0,22.78,67.22,False,False,0.1676,-1.0
bcmin11a,1,8.2,0.0,8.2,8.2,False,False,0.1445,-1.0
bcmin1_1,1,8.2,0.0,8.2,8.2,False,False,0.1445,-1.0
bcmin21a,1,10.24,0.0,10.24,10.24,False,False,0.1386,-1.0
bcmin22a,1,26.03,0.0,26.03,26.03,False,False,0.1529,-1.0
bcmin23a,1,-0.06,0.0,0.06,0.06,False,False,0.792,-1.0
bcmin2_1,1,10.24,0.0,10.24,10.24,False,False,0.1386,-1.0
bcmin2_2,1,26.03,0.0,26.03,26.03,False,False,0.1529,-1.0
bcmin2_3,1,-0.06,0.0,0.06,0.06,False,False,0.792,-1.0
bcport1a,1,3.47,0.0,3.47,3.47,False,False,0.1291,-1.0
bcport1b,1,3.47,0.0,3.47,3.47,False,False,0.1291,-1.0
bcport2a,1,6.77,0.0,6.77,6.77,False,False,0.1809,-1.0
bcport_1,1,3.47,0.0,3.47,3.47,False,False,0.1291,-1.0
bcport_2,1,6.77,0.0,6.77,6.77,False,False,0.1809,-1.0
bcsaka1a,1,-1.61,0.0,1.61,1.61,False,False,0.4931,-1.0
bcsaka_1,1,-1.61,0.0,1.61,1.61,False,False,0.4931,-1.0
bcsta1a,1,-23.21,0.0,23.21,23.21,False,False,0.2112,1.0
bcsta_1,1,-23.21,0.0,23.21,23.21,False,False,0.2112,1.0
bdenter1,1,2.28,0.0,2.28,2.28,False,False,0.1297,-1.0
bdifrit1,1,0.0,0.0,0.0,0.0,False,False,0.0896,-1.0
bdin1,1,-0.73,0.0,0.73,0.73,False,False,0.8961,-1.0
bdin2,1,-0.73,0.0,0.73,0.73,False,False,0.8961,-1.0
bdin3,1,14.06,0.0,14.06,14.06,False,False,0.5535,-1.0
bdin4,1,0.48,0.0,0.48,0.48,False,False,0.3889,-1.0
bdin5,1,15.46,0.0,15.46,15.46,False,False,0.1836,-1.0
bdview1,1,0.0,0.0,0.0,0.0,False,False,0.0852,-1.0
bg2f_1,1,65.38,90.0,24.62,65.38,False,False,0.918,-1.0
bg2f_11,1,65.38,90.0,24.62,65.38,False,False,0.918,-1.0
bg2f_1a,1,65.38,90.0,24.62,65.38,False,False,0.918,-1.0
bg2f_2,1,60.47,90.0,29.53,60.47,False,False,0.1295,1.0
bg2f_21,1,60.47,90.0,29.53,60.47,False,False,0.1295,1.0
bg2f_22,1,60.47,90.0,29.53,60.47,False,False,0.1295,1.0
bg2f_3,1,78.55,90.0,11.45,78.55,False,False,0.0022,0.996
bg2f_31,1,78.55,90.0,11.45,78.55,False,False,0.0022,0.996
bg2f_4,1,60.47,90.0,29.53,60.47,False,False,0.1295,1.0
bgbook1a,1,77.21,90.0,12.79,77.21,False,False,0.0611,1.0
bgbook1b,1,77.21,90.0,12.79,77.21,False,False,0.0611,1.0
bgbook2a,1,47.0,90.0,43.0,47.0,False,False,0.1957,1.0
bgbook3a,1,109.01,90.0,19.01,19.01,False,False,0.0697,-1.0
bgbook_1,1,77.21,90.0,12.79,77.21,False,False,0.0611,1.0
bgbook_2,1,47.0,90.0,43.0,47.0,False,False,0.1957,1.0
bgbook_3,1,109.01,90.0,19.01,19.01,False,False,0.0697,-1.0
bgbtl_1,1,-1.9,0.0,1.9,1.9,False,False,0.0085,1.0
bgcrash1,1,-155.67,-180.0,24.33,65.67,False,False,0.0942,1.0
bgeat1a,1,-3.4,0.0,3.4,3.4,False,False,0.1781,-1.0
bgeat2a,1,-48.44,-90.0,41.56,48.44,False,False,0.1887,-1.0
bgeat_1,1,-3.4,0.0,3.4,3.4,False,False,0.1781,-1.0
bgeat_2,1,-48.44,-90.0,41.56,48.44,False,False,0.1887,-1.0
bgeat_3,1,121.05,90.0,31.05,31.05,True,False,0.1146,1.0
bggate6a,1,36.31,0.0,36.31,36.31,True,False,0.4137,-1.0
bggate_1,1,-66.99,-90.0,23.01,66.99,False,False,0.0469,-0.996
bggate_2,1,-6.17,0.0,6.17,6.17,False,False,0.1793,-1.0
bggate_4,1,0.0,0.0,0.0,0.0,False,False,0.1006,1.0
bggate_5,1,-13.94,0.0,13.94,13.94,False,False,0.039,-1.0
bggate_6,1,36.31,0.0,36.31,36.31,True,False,0.4137,-1.0
bghall1a,1,7.73,0.0,7.73,7.73,False,False,0.3328,-1.0
bghall1b,1,7.73,0.0,7.73,7.73,False,False,0.3328,-1.0
bghall2a,1,19.01,0.0,19.01,19.01,False,False,0.6726,-1.0
bghall3a,1,-33.89,0.0,33.89,33.89,True,False,0.2421,-1.0
bghall4a,1,23.8,0.0,23.8,23.8,False,False,0.0491,-1.0
bghall6b,1,-17.58,0.0,17.58,17.58,False,False,0.1427,-1.0
bghall_1,1,7.73,0.0,7.73,7.73,False,False,0.3328,-1.0
bghall_2,1,19.01,0.0,19.01,19.01,False,False,0.6726,-1.0
bghall_3,1,-33.89,0.0,33.89,33.89,True,False,0.2421,-1.0
bghall_4,1,23.8,0.0,23.8,23.8,False,False,0.0491,-1.0
bghall_5,1,-0.24,0.0,0.24,0.24,False,False,0.4868,-1.0
bghall_6,1,-17.58,0.0,17.58,17.58,False,False,0.1427,-1.0
bghall_7,1,0.0,0.0,0.0,0.0,False,False,1.0,-1.0
bghall_8,1,0.97,0.0,0.97,0.97,False,False,0.0386,-1.0
bghoke_1,1,0.71,0.0,0.71,0.71,False,False,0.0588,-1.0
bghoke_2,1,17.73,0.0,17.73,17.73,False,False,0.4975,-1.0
bghoke_3,1,71.65,90.0,18.35,71.65,False,False,0.2742,-1.0
bgkote1a,1,-47.73,-90.0,42.27,47.73,False,False,0.1861,-1.0
bgkote3a,1,13.43,0.0,13.43,13.43,False,False,0.5793,-1.0
bgkote_1,1,-47.73,-90.0,42.27,47.73,False,False,0.1861,-1.0
bgkote_2,1,-47.73,-90.0,42.27,47.73,False,False,0.1861,-1.0
bgkote_3,1,13.43,0.0,13.43,13.43,False,False,0.5793,-1.0
bgkote_4,1,-21.65,0.0,21.65,21.65,False,False,0.026,1.0
bgkote_5,1,-47.73,-90.0,42.27,47.73,False,False,0.1861,-1.0
bgmast_1,1,-1.01,0.0,1.01,1.01,False,False,0.1055,1.0
bgmast_2,1,16.99,0.0,16.99,16.99,False,False,0.1036,-1.0
bgmast_3,1,16.99,0.0,16.99,16.99,False,False,0.1036,-1.0
bgmast_4,1,134.6,90.0,44.6,44.6,True,False,0.0432,1.0
bgmast_5,2,108.01,90.0,18.01,18.01,False,True,0.5834,-1.0
bgmast_6,1,0.0,0.0,0.0,0.0,False,False,1.0,-1.0
bgmd1_1,1,-63.73,-90.0,26.27,63.73,False,False,0.2466,1.0
bgmd1_2,1,0.0,0.0,0.0,0.0,False,False,0.1208,-1.0
bgmd1_3,1,-8.01,0.0,8.01,8.01,False,False,0.963,-1.0
bgmd1_4,1,-61.8,-90.0,28.2,61.8,False,False,0.0909,-1.0
bgmd2_1,1,-37.11,0.0,37.11,37.11,True,False,0.3125,1.0
bgmd2_3,1,48.08,90.0,41.92,48.08,False,False,0.0897,-0.998
bgmd2_4,1,36.88,0.0,36.88,36.88,True,False,0.0797,1.0
bgmd2_5,1,22.27,0.0,22.27,22.27,False,False,0.1975,-1.0
bgmd2_6,1,-55.18,-90.0,34.82,55.18,False,False,0.1272,-1.0
bgmd2_7,1,-87.79,-90.0,2.21,87.79,False,False,0.7212,-1.0
bgmd2_8,1,37.59,0.0,37.59,37.59,True,False,0.32,-1.0
bgmd3_1,1,-59.79,-90.0,30.21,59.79,False,False,0.0054,1.0
bgmd3_2,1,-66.64,-90.0,23.36,66.64,False,False,0.4535,-1.0
bgmd4_1,1,-15.81,0.0,15.81,15.81,False,False,0.0002,-0.272
bgmd4_2,1,-0.01,0.0,0.01,0.01,False,False,0.3435,1.0
bgmd4_3,1,0.0,0.0,0.0,0.0,False,False,0.5195,-1.0
bgmdele1,1,-61.01,-90.0,28.99,61.01,False,False,0.6512,-1.0
bgmdele2,1,-36.61,0.0,36.61,36.61,True,False,0.8441,1.0
bgmdele3,1,-50.02,-90.0,39.98,50.02,False,False,0.958,0.999
bgmdele4,1,159.16,180.0,20.84,69.16,False,False,0.1238,-1.0
bgmon_1,1,6.59,0.0,6.59,6.59,False,False,0.8071,-1.0
bgmon_2,1,-11.49,0.0,11.49,11.49,False,False,0.3725,-1.0
bgmon_4,1,-11.76,0.0,11.76,11.76,False,False,0.3786,-1.0
bgmon_5,1,10.92,0.0,10.92,10.92,False,False,0.3175,-1.0
bgmon_6,1,8.31,0.0,8.31,8.31,False,False,0.2356,-1.0
bgpark_1,1,-9.03,0.0,9.03,9.03,False,False,0.1249,-0.999
bgpaty_1,1,-58.32,-90.0,31.68,58.32,False,False,0.154,1.0
bgpaty_2,1,145.81,180.0,34.19,55.81,False,False,0.1311,-1.0
bgrank1,1,0.0,0.0,0.0,0.0,False,False,1.0,-1.0
bgroad_1,1,81.29,90.0,8.71,81.29,False,False,0.8126,-1.0
bgroad_2,1,101.11,90.0,11.11,11.11,False,False,0.6113,-1.0
bgroad_3,1,116.62,90.0,26.62,26.62,False,False,0.2111,-1.0
bgroad_4,1,-0.01,0.0,0.01,0.01,False,False,0.4968,-1.0
bgroad_5,1,-90.11,-90.0,0.11,0.11,False,False,0.0,
bgroad_6,1,93.37,90.0,3.37,3.37,False,False,0.1768,-1.0
bgroad_7,1,0.0,0.0,0.0,0.0,False,False,0.063,-1.0
bgroad_9,1,-90.11,-90.0,0.11,0.11,False,False,0.0,
bgroom1a,2,-62.49,-90.0,27.51,62.49,False,False,0.1093,-1.0
bgroom_1,2,-62.49,-90.0,27.51,62.49,False,False,0.1093,-1.0
bgroom_2,1,-119.34,-90.0,29.34,29.34,False,False,0.1697,-0.994
bgroom_3,1,179.8,180.0,0.2,89.8,False,False,0.2468,-1.0
bgroom_4,1,179.94,180.0,0.06,89.94,False,False,0.26,-0.999
bgroom_5,1,-23.99,0.0,23.99,23.99,False,False,0.1243,-0.914
bgroom_6,1,-23.99,0.0,23.99,23.99,False,False,0.1243,-0.914
bgryo1_1,1,81.24,90.0,8.76,81.24,False,False,0.254,-1.0
bgryo1_2,1,46.6,90.0,43.4,46.6,False,False,0.3007,-1.0
bgryo1_3,1,-76.81,-90.0,13.19,76.81,False,False,0.2175,-1.0
bgryo1_4,1,46.6,90.0,43.4,46.6,False,False,0.3007,-1.0
bgryo1_5,1,46.6,90.0,43.4,46.6,False,False,0.3007,-1.0
bgryo1_6,1,46.6,90.0,43.4,46.6,False,False,0.3007,-1.0
bgryo1_7,1,81.24,90.0,8.76,81.24,False,False,0.254,-1.0
bgryo1_8,1,-76.81,-90.0,13.19,76.81,False,False,0.2175,-1.0
bgryo2_1,2,0.0,0.0,0.0,0.0,False,True,0.2224,-1.0
bgryo2_2,1,0.0,0.0,0.0,0.0,False,False,0.2224,-1.0
bgsecr_1,1,55.63,90.0,34.37,55.63,False,False,0.5139,-1.0
bgsecr_2,1,102.81,90.0,12.81,12.81,False,False,0.2183,1.0
bgsido1a,1,5.27,0.0,5.27,5.27,False,False,0.0105,1.0
bgsido5a,1,4.99,0.0,4.99,4.99,False,False,0.1194,1.0
bgsido_1,1,5.27,0.0,5.27,5.27,False,False,0.0105,1.0
bgsido_2,1,4.99,0.0,4.99,4.99,False,False,0.1194,1.0
bgsido_3,1,32.6,0.0,32.6,32.6,True,False,0.288,-1.0
bgsido_4,1,29.8,0.0,29.8,29.8,False,False,0.041,-1.0
bgsido_5,1,4.99,0.0,4.99,4.99,False,False,0.1194,1.0
bgsido_6,1,4.99,0.0,4.99,4.99,False,False,0.1194,1.0
bgsido_7,1,32.6,0.0,32.6,32.6,True,False,0.288,-1.0
bgsido_8,1,32.6,0.0,32.6,32.6,True,False,0.288,-1.0
bgsido_9,1,29.8,0.0,29.8,29.8,False,False,0.041,-1.0
bvboat_1,1,-0.41,0.0,0.41,0.41,False,False,0.2991,-1.0
bvboat_2,1,0.1,0.0,0.1,0.1,False,False,0.0488,1.0
bvcar_1,1,0.45,0.0,0.45,0.45,False,False,0.2454,-1.0
bvtr_1,1,-170.46,-180.0,9.54,80.46,False,False,0.0851,1.0
bvtr_107,1,-170.46,-180.0,9.54,80.46,False,False,0.0851,1.0
bvtr_2,1,0.38,0.0,0.38,0.38,False,False,0.0566,1.0
bvtr_3,1,8.14,0.0,8.14,8.14,False,False,0.0101,-1.0
bvtr_4,1,-170.46,-180.0,9.54,80.46,False,False,0.0851,1.0
bvtr_5,1,8.14,0.0,8.14,8.14,False,False,0.0101,-1.0
cdfield1,1,-8.31,0.0,8.31,8.31,False,False,0.3745,-1.0
cdfield2,1,-26.32,0.0,26.32,26.32,False,False,0.1269,-1.0
cdfield3,1,-109.57,-90.0,19.57,19.57,False,False,0.0604,1.0
cdfield4,1,-8.21,0.0,8.21,8.21,False,False,0.7139,-1.0
cdfield5,1,-88.71,-90.0,1.29,88.71,False,False,0.3023,-1.0
cdfield6,1,12.43,0.0,12.43,12.43,False,False,0.8469,-0.999
cdfield7,1,-35.2,0.0,35.2,35.2,True,False,0.4007,-1.0
cdfield8,1,20.39,0.0,20.39,20.39,False,False,0.3682,-1.0
crenter1,1,17.1,0.0,17.1,17.1,False,False,0.0759,1.0
crodin1,1,0.35,0.0,0.35,0.35,False,False,0.187,1.0
cropen1,1,-32.29,0.0,32.29,32.29,True,False,0.2868,-1.0
crpower1,1,10.5,0.0,10.5,10.5,False,False,0.1961,-1.0
crroof1,1,60.33,90.0,29.67,60.33,False,False,0.4215,-1.0
crsanc1,1,89.92,90.0,0.08,89.92,False,False,0.2329,1.0
crsphi1,1,6.96,0.0,6.96,6.96,False,False,0.0096,-1.0
crtower1,1,112.61,90.0,22.61,22.61,False,False,0.4693,-1.0
crtower2,1,103.24,90.0,13.24,13.24,False,False,0.7785,-1.0
crtower3,1,-131.77,-90.0,41.77,41.77,True,False,0.0984,-1.0
crview1,1,-29.21,0.0,29.21,29.21,False,False,0.094,1.0
cwwood1,1,0.0,0.0,0.0,0.0,False,False,0.2209,-1.0
cwwood2,1,0.0,0.0,0.0,0.0,False,False,0.262,-1.0
cwwood3,1,0.0,0.0,0.0,0.0,False,False,0.574,-1.0
cwwood4,1,1.06,0.0,1.06,1.06,False,False,0.4989,-1.0
cwwood5,1,-0.71,0.0,0.71,0.71,False,False,0.4244,-1.0
cwwood6,1,-21.91,0.0,21.91,21.91,False,False,0.264,-1.0
cwwood7,1,0.0,0.0,0.0,0.0,False,False,0.2209,-1.0
ddruins1,1,49.5,90.0,40.5,49.5,False,False,0.3437,-1.0
ddruins2,1,8.89,0.0,8.89,8.89,False,False,0.9734,-1.0
ddruins3,1,56.41,90.0,33.59,56.41,False,False,0.4438,-1.0
ddruins4,1,10.5,0.0,10.5,10.5,False,False,0.9778,-1.0
ddruins5,1,45.6,90.0,44.4,45.6,False,False,0.9419,-1.0
ddruins6,1,7.96,0.0,7.96,7.96,False,False,0.2512,1.0
ddsteam1,1,-17.23,0.0,17.23,17.23,False,False,0.0225,1.0
ddtower1,1,-30.94,0.0,30.94,30.94,True,False,0.0151,1.0
ddtower2,1,-30.94,0.0,30.94,30.94,True,False,0.0151,1.0
ddtower3,1,-3.51,0.0,3.51,3.51,False,False,0.0144,1.0
ddtower4,1,-17.32,0.0,17.32,17.32,False,False,0.0406,1.0
ddtower5,1,-3.51,0.0,3.51,3.51,False,False,0.0345,1.0
ddtower6,1,19.47,0.0,19.47,19.47,False,False,0.6704,-1.0
doan1_1,1,73.37,90.0,16.63,73.37,False,False,0.7847,0.991
doan1_2,1,73.37,90.0,16.63,73.37,False,False,0.7847,0.991
doani1_1,2,-21.45,0.0,21.45,21.45,False,False,0.174,-1.0
doani1_2,2,-21.45,0.0,21.45,21.45,False,False,0.174,-1.0
doani2_1,1,3.1,0.0,3.1,3.1,False,False,0.6057,0.971
doani2_2,1,3.1,0.0,3.1,3.1,False,False,0.6057,0.971
doani3_1,1,57.7,90.0,32.3,57.7,False,False,0.689,-0.989
doani3_2,1,57.7,90.0,32.3,57.7,False,False,0.689,-0.989
doani4_1,1,129.4,90.0,39.4,39.4,True,False,0.1497,1.0
doani4_2,1,60.91,90.0,29.09,60.91,False,False,0.0929,-1.0
dogate1a,1,-50.31,-90.0,39.69,50.31,False,False,0.5448,-1.0
dogate_1,1,-50.31,-90.0,39.69,50.31,False,False,0.5448,-1.0
dogate_2,1,-2.7,0.0,2.7,2.7,False,False,0.3405,-1.0
dohtl_1,1,1.5,0.0,1.5,1.5,False,False,0.4462,-1.0
dohtr_1,1,22.19,0.0,22.19,22.19,False,False,0.0089,-1.0
domin2_1,1,15.49,0.0,15.49,15.49,False,False,0.0366,1.0
domt1_1,1,-0.21,0.0,0.21,0.21,False,False,0.0872,-1.0
domt2_1,1,-27.18,0.0,27.18,27.18,False,False,0.4613,-1.0
domt3_1,1,0.39,0.0,0.39,0.39,False,False,0.4417,-1.0
domt3_2,1,0.39,0.0,0.39,0.39,False,False,0.4417,-1.0
domt3_3,1,0.39,0.0,0.39,0.39,False,False,0.4417,-1.0
domt3_4,1,0.39,0.0,0.39,0.39,False,False,0.4417,-1.0
domt4_1,1,15.9,0.0,15.9,15.9,False,False,0.5016,-1.0
domt5_1,1,27.09,0.0,27.09,27.09,False,False,0.4305,-1.0
doopen1a,1,-5.21,0.0,5.21,5.21,False,False,0.242,-1.0
doopen2a,1,-7.8,0.0,7.8,7.8,False,False,0.2604,1.0
doopen_1,1,-5.21,0.0,5.21,5.21,False,False,0.242,-1.0
doopen_2,1,-7.8,0.0,7.8,7.8,False,False,0.2604,1.0
doport_1,1,-5.7,0.0,5.7,5.7,False,False,0.2284,-1.0
dopub_1,1,0.0,0.0,0.0,0.0,False,False,0.0,
dopub_2,1,-14.81,0.0,14.81,14.81,False,False,0.0892,-1.0
dopub_3,1,42.2,0.0,42.2,42.2,True,False,0.6101,-1.0
dosea_1,1,-36.41,0.0,36.41,36.41,True,False,0.3307,-1.0
dosea_2,1,-172.5,-180.0,7.5,82.5,False,False,0.0003,0.609
dotown1a,1,3.29,0.0,3.29,3.29,False,False,0.0611,-1.0
dotown2a,1,37.6,0.0,37.6,37.6,True,False,0.7348,-1.0
dotown3a,1,-1.3,0.0,1.3,1.3,False,False,0.3026,-1.0
dotown_1,1,3.29,0.0,3.29,3.29,False,False,0.0611,-1.0
dotown_2,1,37.6,0.0,37.6,37.6,True,False,0.7348,-1.0
dotown_3,1,-1.3,0.0,1.3,1.3,False,False,0.3026,-1.0
eaplane1,1,38.43,0.0,38.43,38.43,True,False,0.272,-1.0
eapod1,1,1.55,0.0,1.55,1.55,False,False,0.1207,1.0
ebadele1,1,-26.62,0.0,26.62,26.62,False,False,0.6737,-1.0
ebadele2,1,-25.81,0.0,25.81,25.81,False,False,0.2948,-1.0
ebadele3,2,29.04,0.0,29.04,29.04,False,False,0.3469,1.0
ebadele4,1,-8.61,0.0,8.61,8.61,False,False,0.1573,1.0
ebadele5,1,2.38,0.0,2.38,2.38,False,False,0.2822,1.0
ebcont1,1,-167.68,-180.0,12.32,77.68,False,False,0.1082,1.0
ebcont2,2,-169.76,-180.0,10.24,79.76,False,True,0.3538,1.0
ebcont3,1,-33.69,0.0,33.69,33.69,True,False,0.0989,-1.0
ebexit1,1,-16.9,0.0,16.9,16.9,False,False,0.0796,-1.0
ebexit2,1,-25.39,0.0,25.39,25.39,False,False,0.812,-1.0
ebexit3,1,-1.86,0.0,1.86,1.86,False,False,0.2623,-1.0
ebexit4,1,-11.71,0.0,11.71,11.71,False,False,0.2718,-1.0
ebexit5,1,9.13,0.0,9.13,9.13,False,False,0.1461,-1.0
ebexit6,1,-0.01,0.0,0.01,0.01,False,False,0.4741,1.0
ebgate1,1,-86.63,-90.0,3.37,86.63,False,False,0.9998,-1.0
ebgate1a,1,-86.63,-90.0,3.37,86.63,False,False,0.9998,-1.0
ebgate2,1,167.4,180.0,12.6,77.4,False,False,0.6457,1.0
ebgate2a,1,167.4,180.0,12.6,77.4,False,False,0.6457,1.0
ebgate3,1,0.1,0.0,0.1,0.1,False,False,0.1028,1.0
ebgate3a,1,0.1,0.0,0.1,0.1,False,False,0.1028,1.0
ebgate4,1,-122.08,-90.0,32.08,32.08,True,False,0.4286,1.0
ebgate4a,1,-122.08,-90.0,32.08,32.08,True,False,0.4286,1.0
ebinhi1,1,155.16,180.0,24.84,65.16,False,False,0.4564,1.0
ebinhi1a,1,155.16,180.0,24.84,65.16,False,False,0.4564,1.0
ebinlow1,1,0.2,0.0,0.2,0.2,False,False,0.1702,1.0
ebinlow2,1,0.2,0.0,0.2,0.2,False,False,0.1702,1.0
ebinmid1,1,38.02,0.0,38.02,38.02,True,False,0.1948,-1.0
ebinmid2,1,-35.29,0.0,35.29,35.29,True,False,0.006,-1.0
ebinmid3,1,6.51,0.0,6.51,6.51,False,False,0.4531,-1.0
ebinmid4,1,38.02,0.0,38.02,38.02,True,False,0.1948,-1.0
ebinmid5,1,-35.29,0.0,35.29,35.29,True,False,0.006,-1.0
ebinmid6,1,6.51,0.0,6.51,6.51,False,False,0.4531,-1.0
ebinto1,1,-69.43,-90.0,20.57,69.43,False,False,0.0599,1.0
ebinto2,1,89.85,90.0,0.15,89.85,False,False,0.1365,1.0
ebinto3,1,6.51,0.0,6.51,6.51,False,False,0.4531,-1.0
ebroad11,1,0.8,0.0,0.8,0.8,False,False,0.9019,-1.0
ebroad12,1,1.36,0.0,1.36,1.36,False,False,0.8959,-1.0
ebroad13,1,1.36,0.0,1.36,1.36,False,False,0.8959,-1.0
ebroad21,1,87.64,90.0,2.36,87.64,False,False,0.9769,-1.0
ebroad22,1,87.64,90.0,2.36,87.64,False,False,0.9769,-1.0
ebroad23,1,87.64,90.0,2.36,87.64,False,False,0.9769,-1.0
ebroad31,1,6.32,0.0,6.32,6.32,False,False,0.3088,-1.0
ebroad32,1,56.54,90.0,33.46,56.54,False,False,0.2524,-1.0
ebroad33,1,56.54,90.0,33.46,56.54,False,False,0.2524,-1.0
ebroad41,1,86.44,90.0,3.56,86.44,False,False,0.9278,-1.0
ebroad42,1,53.85,90.0,36.15,53.85,False,False,0.3291,-1.0
ebroad43,1,53.85,90.0,36.15,53.85,False,False,0.3291,-1.0
ebroad5,1,22.74,0.0,22.74,22.74,False,False,0.1257,-1.0
ebroad6,1,-16.01,0.0,16.01,16.01,False,False,0.079,1.0
ebroad6a,1,-16.01,0.0,16.01,16.01,False,False,0.079,1.0
ebroad7,1,-20.88,0.0,20.88,20.88,False,False,0.3073,-1.0
ebroad7a,1,-20.88,0.0,20.88,20.88,False,False,0.3073,-1.0
ebroad8,1,22.54,0.0,22.54,22.54,False,False,0.0911,-1.0
ebroad8a,1,22.54,0.0,22.54,22.54,False,False,0.0911,-1.0
ebroad9,1,80.64,90.0,9.36,80.64,False,False,0.296,-1.0
ebroad9a,1,80.64,90.0,9.36,80.64,False,False,0.296,-1.0
eccway11,1,-3.35,0.0,3.35,3.35,False,False,0.2089,-1.0
eccway12,1,-1.9,0.0,1.9,1.9,False,False,0.2455,-1.0
eccway13,1,-3.35,0.0,3.35,3.35,False,False,0.2089,-1.0
eccway14,1,-1.9,0.0,1.9,1.9,False,False,0.2455,-1.0
eccway21,1,-17.4,0.0,17.4,17.4,False,False,0.0652,-1.0
eccway22,1,-17.4,0.0,17.4,17.4,False,False,0.0652,-1.0
eccway31,1,-77.01,-90.0,12.99,77.01,False,False,0.0374,-1.0
eccway32,1,-77.01,-90.0,12.99,77.01,False,False,0.0374,-1.0
eccway41,1,-1.9,0.0,1.9,1.9,False,False,0.2455,-1.0
eccway42,1,-1.9,0.0,1.9,1.9,False,False,0.2455,-1.0
ecenc1,1,-0.01,0.0,0.01,0.01,False,False,0.0371,1.0
ecenc2,1,0.0,0.0,0.0,0.0,False,False,0.1755,-1.0
ecenc3,1,0.0,0.0,0.0,0.0,False,False,0.1755,-1.0
ecenter1,1,-8.91,0.0,8.91,8.91,False,False,0.3415,-1.0
ecenter2,1,-55.76,-90.0,34.24,55.76,False,False,0.2017,-1.0
ecenter3,1,-8.91,0.0,8.91,8.91,False,False,0.3415,-1.0
eciway11,1,0.39,0.0,0.39,0.39,False,False,0.0449,-1.0
eciway12,1,-37.11,0.0,37.11,37.11,True,False,0.258,1.0
eciway13,1,0.39,0.0,0.39,0.39,False,False,0.0449,-1.0
eciway14,1,-37.11,0.0,37.11,37.11,True,False,0.258,1.0
ecmall1,1,-0.41,0.0,0.41,0.41,False,False,0.0386,-1.0
ecmall1a,1,-0.41,0.0,0.41,0.41,False,False,0.0386,-1.0
ecmview1,1,-38.01,0.0,38.01,38.01,True,False,0.451,-1.0
ecmview2,1,-38.01,0.0,38.01,38.01,True,False,0.451,-1.0
ecmway1,1,-49.19,-90.0,40.81,49.19,False,False,0.1797,-1.0
ecmway1a,1,-49.19,-90.0,40.81,49.19,False,False,0.1797,-1.0
ecopen1,1,23.45,0.0,23.45,23.45,False,False,0.1089,1.0
ecopen1a,1,23.45,0.0,23.45,23.45,False,False,0.1089,1.0
ecopen2,1,-16.2,0.0,16.2,16.2,False,False,0.3451,-1.0
ecopen2a,1,-16.2,0.0,16.2,16.2,False,False,0.3451,-1.0
ecopen3,1,4.69,0.0,4.69,4.69,False,False,0.3904,-1.0
ecopen3a,1,4.69,0.0,4.69,4.69,False,False,0.3904,-1.0
ecopen4,1,20.27,0.0,20.27,20.27,False,False,0.1258,1.0
ecopen4a,1,20.27,0.0,20.27,20.27,False,False,0.1258,1.0
ecoway1,1,8.99,0.0,8.99,8.99,False,False,0.0983,-1.0
ecoway1a,1,8.99,0.0,8.99,8.99,False,False,0.0983,-1.0
ecoway2,1,-38.61,0.0,38.61,38.61,True,False,0.1841,-1.0
ecoway2a,1,-38.61,0.0,38.61,38.61,True,False,0.1841,-1.0
ecoway3,1,3.99,0.0,3.99,3.99,False,False,0.0245,-1.0
ecoway3a,1,3.99,0.0,3.99,3.99,False,False,0.0245,-1.0
ecpview1,1,0.0,0.0,0.0,0.0,False,False,0.1685,1.0
ecpview2,1,0.0,0.0,0.0,0.0,False,False,0.1685,1.0
ecpway1,1,-36.41,0.0,36.41,36.41,True,False,0.0218,-1.0
ecpway1a,1,-36.41,0.0,36.41,36.41,True,False,0.0218,-1.0
ectake1,1,5.3,0.0,5.3,5.3,False,False,0.0733,-1.0
ectake2,1,48.79,90.0,41.21,48.79,False,False,0.0541,1.0
ectake3,1,-0.01,0.0,0.01,0.01,False,False,0.28,1.0
edlabo1,1,104.81,90.0,14.81,14.81,False,False,0.1027,-1.0
edlabo1a,1,104.81,90.0,14.81,14.81,False,False,0.1027,-1.0
edlabo1b,1,104.81,90.0,14.81,14.81,False,False,0.1027,-1.0
edmoor1,1,25.04,0.0,25.04,25.04,False,False,0.4445,-1.0
edview1,1,-23.51,0.0,23.51,23.51,False,False,0.0434,1.0
edview1a,1,-23.51,0.0,23.51,23.51,False,False,0.0434,1.0
edview1b,1,-23.51,0.0,23.51,23.51,False,False,0.0434,1.0
edview2,1,-23.51,0.0,23.51,23.51,False,False,0.0434,1.0
eein1,2,-156.43,-180.0,23.57,66.43,False,False,0.0991,1.0
eein11,2,-156.43,-180.0,23.57,66.43,False,False,0.0991,1.0
eein12,2,-156.43,-180.0,23.57,66.43,False,False,0.0991,1.0
eein2,1,-149.42,-180.0,30.58,59.42,False,False,0.401,-1.0
eein21,1,-149.42,-180.0,30.58,59.42,False,False,0.401,-1.0
eein22,1,-149.42,-180.0,30.58,59.42,False,False,0.401,-1.0
eein3,2,-138.23,-180.0,41.77,48.23,False,False,0.6887,-1.0
eein31,2,-138.23,-180.0,41.77,48.23,False,False,0.6887,-1.0
eein32,2,-138.23,-180.0,41.77,48.23,False,False,0.6887,-1.0
eestone1,1,-155.17,-180.0,24.83,65.17,False,False,0.4072,1.0
eestone2,1,-155.17,-180.0,24.83,65.17,False,False,0.4072,1.0
eestone3,1,-155.17,-180.0,24.83,65.17,False,False,0.4072,1.0
eeview1,1,-155.73,-180.0,24.27,65.73,False,False,0.224,-1.0
eeview2,1,-155.73,-180.0,24.27,65.73,False,False,0.224,-1.0
eeview3,1,-155.73,-180.0,24.27,65.73,False,False,0.224,-1.0
efbig1,1,169.04,180.0,10.96,79.04,False,False,0.1378,1.0
efenter1,1,0.0,0.0,0.0,0.0,False,False,0.9155,-1.0
efenter2,1,0.0,0.0,0.0,0.0,False,False,0.9155,-1.0
efpod1,1,0.04,0.0,0.04,0.04,False,False,0.2054,1.0
efpod1a,1,0.04,0.0,0.04,0.04,False,False,0.2054,1.0
efview1,1,22.76,0.0,22.76,22.76,False,False,0.0938,1.0
efview1a,1,22.76,0.0,22.76,22.76,False,False,0.0938,1.0
efview2,1,22.76,0.0,22.76,22.76,False,False,0.0938,1.0
ehback1,1,-29.09,0.0,29.09,29.09,False,False,0.2567,-1.0
ehback2,30,-29.09,0.0,29.09,29.09,False,False,0.2567,-1.0
ehblan1,1,-111.05,-90.0,21.05,21.05,False,False,0.0143,-1.0
ehblan1a,1,-111.05,-90.0,21.05,21.05,False,False,0.0143,-1.0
ehblan2,1,-111.05,-90.0,21.05,21.05,False,False,0.0143,-1.0
ehblan3,1,-111.05,-90.0,21.05,21.05,False,False,0.0143,-1.0
ehdrug1,1,-113.72,-90.0,23.72,23.72,False,False,0.1024,-1.0
ehenter1,1,0.0,0.0,0.0,0.0,False,False,0.1106,1.0
ehenter2,1,0.0,0.0,0.0,0.0,False,False,0.1106,1.0
ehenter3,1,0.0,0.0,0.0,0.0,False,False,0.1106,1.0
ehenter4,1,0.0,0.0,0.0,0.0,False,False,0.1106,1.0
ehhana1,1,7.2,0.0,7.2,7.2,False,False,0.0211,-1.0
ehnoki1,1,-17.97,0.0,17.97,17.97,False,False,0.4652,-0.99
ehroom1,1,-90.63,-90.0,0.63,0.63,False,False,0.2333,-1.0
ehroom1a,1,-90.63,-90.0,0.63,0.63,False,False,0.2333,-1.0
ehsea1,1,-93.34,-90.0,3.34,3.34,False,False,0.0922,1.0
ehsea2,1,-93.34,-90.0,3.34,3.34,False,False,0.0922,1.0
elroad1,1,-0.11,0.0,0.11,0.11,False,False,0.0017,1.0
elroad2,1,-0.21,0.0,0.21,0.21,False,False,0.1755,-1.0
elroad3,1,0.0,0.0,0.0,0.0,False,False,1.0,-1.0
elstop1,1,-1.61,0.0,1.61,1.61,False,False,0.4909,-1.0
elview1,1,-2.31,0.0,2.31,2.31,False,False,0.2404,-1.0
elview2,1,-2.31,0.0,2.31,2.31,False,False,0.2404,-1.0
elwall1,1,0.99,0.0,0.99,0.99,False,False,0.3274,-1.0
elwall2,1,0.99,0.0,0.99,0.99,False,False,0.3274,-1.0
elwall3,1,0.99,0.0,0.99,0.99,False,False,0.3274,-1.0
elwall4,1,0.99,0.0,0.99,0.99,False,False,0.3274,-1.0
embind1,1,180.0,180.0,0.0,0.0,False,False,0.4871,-1.0
embind1a,1,180.0,180.0,0.0,0.0,False,False,0.4871,-1.0
embind2,1,0.0,0.0,0.0,0.0,False,False,0.1975,1.0
emlabo1,1,0.0,0.0,0.0,0.0,False,False,0.0432,-1.0
emlabo1a,1,0.0,0.0,0.0,0.0,False,False,0.0432,-1.0
emlabo1b,1,0.0,0.0,0.0,0.0,False,False,0.0432,-1.0
emlabo2,1,0.0,0.0,0.0,0.0,False,False,0.8652,-1.0
emlobby1,1,0.0,0.0,0.0,0.0,False,False,0.2349,1.0
emlobby2,1,-3.91,0.0,3.91,3.91,False,False,0.0925,-1.0
emlobby3,1,0.0,0.0,0.0,0.0,False,False,0.2349,1.0
emlobby4,1,-3.91,0.0,3.91,3.91,False,False,0.0925,-1.0
ending,1,0.0,0.0,0.0,0.0,False,False,0.8945,-1.0
ephall1,1,39.3,0.0,39.3,39.3,True,False,0.0418,-1.0
ephall2,1,-1.71,0.0,1.71,1.71,False,False,0.6241,-1.0
epmeet1,1,2.71,0.0,2.71,2.71,False,False,0.0098,-1.0
eproad1,1,9.8,0.0,9.8,9.8,False,False,0.6575,-1.0
eproad1a,1,9.8,0.0,9.8,9.8,False,False,0.6575,-1.0
eproad2,1,76.2,90.0,13.8,76.2,False,False,0.0171,-1.0
epwork1,1,-8.81,0.0,8.81,8.81,False,False,0.0729,1.0
epwork3,2,-159.85,-180.0,20.15,69.85,False,True,0.0073,1.0
escont1,1,-0.07,0.0,0.07,0.07,False,False,0.1956,-1.0
escouse1,1,-2.1,0.0,2.1,2.1,False,False,0.1087,1.0
escouse2,1,-2.1,0.0,2.1,2.1,False,False,0.1087,1.0
esform1,1,17.45,0.0,17.45,17.45,False,False,0.1173,1.0
esfreez1,1,10.4,0.0,10.4,10.4,False,False,0.0452,1.0
esview1,1,25.19,0.0,25.19,25.19,False,False,0.043,-1.0
esview2,1,25.19,0.0,25.19,25.19,False,False,0.043,-1.0
etsta1,1,7.79,0.0,7.79,7.79,False,False,0.1269,1.0
etsta2,1,7.79,0.0,7.79,7.79,False,False,0.1269,1.0
ewbrdg1,2,0.0,0.0,0.0,0.0,False,True,0.0037,-1.0
ewbrdg2,1,120.83,90.0,30.83,30.83,True,False,0.2755,-1.0
ewdoor1,1,-0.35,0.0,0.35,0.35,False,False,0.0996,-1.0
ewele1,1,-0.49,0.0,0.49,0.49,False,False,0.1406,-1.0
ewele2,1,-0.49,0.0,0.49,0.49,False,False,0.5503,-1.0
ewele3,1,-0.49,0.0,0.49,0.49,False,False,0.0068,-1.0
ewpanel1,1,28.51,0.0,28.51,28.51,False,False,0.754,-1.0
ewpanel2,1,39.16,0.0,39.16,39.16,True,False,0.5319,-1.0
fe2f1,1,0.0,0.0,0.0,0.0,False,False,0.0159,-1.0
feart1f1,1,-10.21,0.0,10.21,10.21,False,False,0.0521,1.0
feart1f2,1,-73.81,-90.0,16.19,73.81,False,False,0.2044,1.0
feart2f1,1,5.3,0.0,5.3,5.3,False,False,0.5031,-1.0
febarac1,1,27.8,0.0,27.8,27.8,False,False,0.2342,-1.0
feblack1,2,0.0,0.0,0.0,0.0,False,False,0.1194,-1.0
feblack2,1,0.0,0.0,0.0,0.0,False,False,0.9385,-1.0
febrdg1,1,10.7,0.0,10.7,10.7,False,False,0.6402,-1.0
feclock1,1,18.49,0.0,18.49,18.49,False,False,0.2485,1.0
feclock2,1,8.0,0.0,8.0,8.0,False,False,0.9058,-1.0
feclock3,1,-2.0,0.0,2.0,2.0,False,False,0.193,-1.0
feclock4,1,13.9,0.0,13.9,13.9,False,False,0.9854,-1.0
feclock5,1,39.19,0.0,39.19,39.19,True,False,0.1426,1.0
feclock6,1,-13.92,0.0,13.92,13.92,False,False,0.417,-1.0
fegate1,1,-2.52,0.0,2.52,2.52,False,False,0.1618,-1.0
fehall1,1,2.69,0.0,2.69,2.69,False,False,0.2926,-1.0
fehall2,1,-2.14,0.0,2.14,2.14,False,False,0.0906,1.0
fein1,1,3.26,0.0,3.26,3.26,False,False,0.9138,-1.0
fejail1,1,9.7,0.0,9.7,9.7,False,False,0.0835,1.0
felast1,2,2.32,0.0,2.32,2.32,False,True,0.2181,1.0
felast2,1,51.9,90.0,38.1,51.9,False,False,0.1304,1.0
felfst1,1,13.99,0.0,13.99,13.99,False,False,0.8341,-1.0
felrele1,1,15.62,0.0,15.62,15.62,False,False,0.3498,-1.0
feopen1,1,176.71,180.0,3.29,86.71,False,False,0.1497,1.0
feopen2,1,-152.86,-180.0,27.14,62.86,False,False,0.1869,-1.0
feout1,1,-6.83,0.0,6.83,6.83,False,False,0.2552,-0.096
fepic1,1,0.0,0.0,0.0,0.0,False,False,0.0,
fepic2,1,0.0,0.0,0.0,0.0,False,False,1.0,-1.0
fepic3,1,0.0,0.0,0.0,0.0,False,False,1.0,-1.0
ferfst1,1,-7.41,0.0,7.41,7.41,False,False,0.1925,1.0
feroad1,2,161.66,180.0,18.34,71.66,False,False,0.008,1.0
feroad2,1,-166.01,-180.0,13.99,76.01,False,False,0.1509,1.0
ferrst1,1,17.42,0.0,17.42,17.42,False,False,0.3392,-0.994
feteras1,1,8.89,0.0,8.89,8.89,False,False,0.0383,1.0
fetre1,1,-7.63,0.0,7.63,7.63,False,False,0.5734,-1.0
feware1,1,-19.68,0.0,19.68,19.68,False,False,0.0892,1.0
fewater1,1,61.95,90.0,28.05,61.95,False,False,0.1611,-1.0
fewater2,1,25.2,0.0,25.2,25.2,False,False,0.3812,-1.0
fewater3,1,0.31,0.0,0.31,0.31,False,False,0.9998,-1.0
fewhite1,2,0.0,0.0,0.0,0.0,False,False,0.1194,-1.0
fewhite2,1,0.0,0.0,0.0,0.0,False,False,0.9319,1.0
fewine1,1,62.91,90.0,27.09,62.91,False,False,0.8878,-1.0
fewor1,1,10.3,0.0,10.3,10.3,False,False,0.1616,1.0
fewor2,1,8.84,0.0,8.84,8.84,False,False,0.5828,0.99
feyard1,1,-7.7,0.0,7.7,7.7,False,False,0.0855,-1.0
ffbrdg1,1,0.42,0.0,0.42,0.42,False,False,0.0222,1.0
ffhill1,1,-29.09,0.0,29.09,29.09,False,False,0.2567,-1.0
ffhole1,1,10.59,0.0,10.59,10.59,False,False,0.9185,-1.0
ffhole1a,1,10.59,0.0,10.59,10.59,False,False,0.9185,-1.0
ffseed1,1,17.56,0.0,17.56,17.56,False,False,0.8123,-1.0
fhbrdg1,1,-48.97,-90.0,41.03,48.97,False,False,0.3539,1.0
fhdeck1,1,2.76,0.0,2.76,2.76,False,False,0.0736,1.0
fhdeck2,1,2.76,0.0,2.76,2.76,False,False,0.0736,1.0
fhdeck3,1,45.62,90.0,44.38,45.62,False,False,0.0578,-1.0
fhdeck4,1,35.7,0.0,35.7,35.7,True,False,0.2873,-1.0
fhdeck4a,1,35.7,0.0,35.7,35.7,True,False,0.2873,-1.0
fhdeck5,1,73.28,90.0,16.72,73.28,False,False,0.0668,-0.992
fhdeck6,1,2.76,0.0,2.76,2.76,False,False,0.0736,1.0
fhdeck7,1,-115.91,-90.0,25.91,25.91,False,False,0.0052,0.999
fhdeck7a,1,-115.91,-90.0,25.91,25.91,False,False,0.0052,0.999
fhedge1,1,50.19,90.0,39.81,50.19,False,False,0.2824,-1.0
fhedge11,1,50.19,90.0,39.81,50.19,False,False,0.2824,-1.0
fhedge2,1,99.3,90.0,9.3,9.3,False,False,0.4018,-1.0
fhfish1,1,-42.91,0.0,42.91,42.91,True,False,0.1273,-1.0
fhform1,1,78.91,90.0,11.09,78.91,False,False,0.0866,-1.0
fhhtl1,1,7.1,0.0,7.1,7.1,False,False,0.1392,-1.0
fhhtr1,1,13.6,0.0,13.6,13.6,False,False,0.5963,-1.0
fhmin1,1,-108.41,-90.0,18.41,18.41,False,False,0.2413,-1.0
fhpanel1,1,44.6,0.0,44.6,44.6,True,False,0.7986,-1.0
fhpara11,1,93.3,90.0,3.3,3.3,False,False,0.033,-1.0
fhpara12,1,93.3,90.0,3.3,3.3,False,False,0.033,-1.0
fhparar1,1,6.49,0.0,6.49,6.49,False,False,0.0278,1.0
fhparar2,1,50.81,90.0,39.19,50.81,False,False,0.3089,1.0
fhrail2,1,-0.01,0.0,0.01,0.01,False,False,0.4619,-1.0
fhrail3,1,-75.51,-90.0,14.49,75.51,False,False,0.0401,1.0
fhroof1,1,-118.5,-90.0,28.5,28.5,False,False,0.1892,-1.0
fhtown1,1,1.4,0.0,1.4,1.4,False,False,0.0298,-1.0
fhtown21,1,152.25,180.0,27.75,62.25,False,False,0.0161,1.0
fhtown22,1,152.25,180.0,27.75,62.25,False,False,0.0161,1.0
fhtown23,1,150.76,180.0,29.24,60.76,False,False,0.047,-1.0
fhtown24,1,150.76,180.0,29.24,60.76,False,False,0.047,-1.0
fhview1,1,-175.22,-180.0,4.78,85.22,False,False,0.2467,-1.0
fhwater1,1,-8.81,0.0,8.81,8.81,False,False,0.0996,-1.0
fhwise11,1,11.29,0.0,11.29,11.29,False,False,0.0194,-1.0
fhwise12,1,34.1,0.0,34.1,34.1,True,False,0.0662,1.0
fhwise13,2,24.49,0.0,24.49,24.49,False,True,0.1167,-1.0
fhwise14,1,-145.5,-180.0,34.5,55.5,False,False,0.289,-1.0
fhwise15,1,34.1,0.0,34.1,34.1,True,False,0.0662,1.0
fhwisef1,1,20.5,0.0,20.5,20.5,False,False,0.0839,-1.0
fhwisef2,1,-1.68,0.0,1.68,1.68,False,False,0.0821,1.0
gdsand1,2,-65.91,-90.0,24.09,65.91,False,True,0.0332,-1.0
gdsand3,1,0.0,0.0,0.0,0.0,False,False,0.113,1.0
gdsta1,1,32.5,0.0,32.5,32.5,True,False,0.5691,-0.999
gdtrain1,2,-90.0,-90.0,0.0,0.0,False,True,0.0542,1.0
gdtrain2,1,-0.18,0.0,0.18,0.18,False,False,0.9998,-1.0
gfcar1,1,0.0,0.0,0.0,0.0,False,False,0.4504,-1.0
gfcross1,1,-66.21,-90.0,23.79,66.21,False,False,0.2767,-1.0
gfcross2,1,-66.21,-90.0,23.79,66.21,False,False,0.2767,-1.0
gfelone1,1,98.23,90.0,8.23,8.23,False,False,0.3204,-1.0
gfelone2,1,104.28,90.0,14.28,14.28,False,False,0.887,-1.0
gfelone3,1,98.23,90.0,8.23,8.23,False,False,0.3204,-1.0
gfelone4,1,104.28,90.0,14.28,14.28,False,False,0.887,-1.0
gfhtl1,1,-19.19,0.0,19.19,19.19,False,False,0.0515,-1.0
gfhtl1a,1,-19.19,0.0,19.19,19.19,False,False,0.0515,-1.0
gfhtr1,1,-42.34,0.0,42.34,42.34,True,False,0.0717,-1.0
gfhtr1a,1,-42.34,0.0,42.34,42.34,True,False,0.0717,-1.0
gflain1,1,-11.33,0.0,11.33,11.33,False,False,0.1133,-1.0
gflain11,1,-107.9,-90.0,17.9,17.9,False,False,0.1027,1.0
gflain1a,1,-11.33,0.0,11.33,11.33,False,False,0.1133,-1.0
gflain2,1,55.03,90.0,34.97,55.03,False,False,0.2987,-1.0
gflain2a,1,55.03,90.0,34.97,55.03,False,False,0.2987,-1.0
gfmin1,1,9.42,0.0,9.42,9.42,False,False,0.0987,-1.0
gfmin1a,1,9.42,0.0,9.42,9.42,False,False,0.0987,-1.0
gfmin2,1,-10.32,0.0,10.32,10.32,False,False,0.0797,-1.0
gfmin2a,1,-10.32,0.0,10.32,10.32,False,False,0.0797,-1.0
gfrich1,1,6.58,0.0,6.58,6.58,False,False,0.361,-1.0
gfrich1a,1,6.58,0.0,6.58,6.58,False,False,0.361,-1.0
gfview1,1,90.0,90.0,0.0,0.0,False,False,0.387,-1.0
gfview1a,1,90.0,90.0,0.0,0.0,False,False,0.387,-1.0
gfvill1,1,-87.02,-90.0,2.98,87.02,False,False,0.1831,-1.0
gfvill1a,1,-87.02,-90.0,2.98,87.02,False,False,0.1831,-1.0
gfvill21,1,9.39,0.0,9.39,9.39,False,False,0.2165,-1.0
gfvill22,1,63.5,90.0,26.5,63.5,False,False,0.1633,1.0
gfvill23,1,-84.9,-90.0,5.1,84.9,False,False,0.8008,-1.0
gfvill24,1,9.39,0.0,9.39,9.39,False,False,0.2165,-1.0
gfvill31,1,42.9,0.0,42.9,42.9,True,False,0.2538,-1.0
gfvill32,1,42.9,0.0,42.9,42.9,True,False,0.2538,-1.0
ggback1,1,129.81,90.0,39.81,39.81,True,False,0.0118,1.0
ggele1,1,-25.14,0.0,25.14,25.14,False,False,0.2166,-1.0
gggate1,1,0.0,0.0,0.0,0.0,False,False,0.4727,-1.0
gggate2,2,59.07,90.0,30.93,59.07,False,True,0.484,-1.0
gggate3,1,-3.72,0.0,3.72,3.72,False,False,0.5378,-1.0
gggate4,1,2.59,0.0,2.59,2.59,False,False,0.0149,1.0
gggro1,1,91.41,90.0,1.41,1.41,False,False,0.2374,-1.0
gggroen1,1,-73.58,-90.0,16.42,73.58,False,False,0.1173,1.0
gggroen2,1,0.31,0.0,0.31,0.31,False,False,0.4463,-1.0
gggym1,1,-11.51,0.0,11.51,11.51,False,False,0.2133,-1.0
gggym2,1,-13.51,0.0,13.51,13.51,False,False,0.012,1.0
gghall1,1,-36.37,0.0,36.37,36.37,True,False,0.7426,-1.0
gghall2,1,-0.32,0.0,0.32,0.32,False,False,0.2739,1.0
ggkodo1,1,27.18,0.0,27.18,27.18,False,False,0.3117,-1.0
ggkodo2,2,12.09,0.0,12.09,12.09,False,False,0.3871,1.0
ggkodo3,1,28.93,0.0,28.93,28.93,False,False,0.9955,1.0
ggkodo4,2,12.09,0.0,12.09,12.09,False,False,0.3871,1.0
ggroad1,1,67.11,90.0,22.89,67.11,False,False,0.342,-1.0
ggroad2,1,0.0,0.0,0.0,0.0,False,False,0.9963,-1.0
ggroad3,1,127.04,90.0,37.04,37.04,True,False,0.326,-1.0
ggroad5,1,-43.82,0.0,43.82,43.82,True,False,0.1295,1.0
ggroad6,1,0.0,0.0,0.0,0.0,False,False,0.4634,-1.0
ggroad7,1,0.0,0.0,0.0,0.0,False,False,0.0854,-1.0
ggroad8,1,-1.2,0.0,1.2,1.2,False,False,0.3338,-1.0
ggroad8a,1,-1.2,0.0,1.2,1.2,False,False,0.3338,-1.0
ggroad8b,1,-1.2,0.0,1.2,1.2,False,False,0.3338,-1.0
ggroad9,1,2.11,0.0,2.11,2.11,False,False,0.3828,-1.0
ggroad9a,1,2.11,0.0,2.11,2.11,False,False,0.3828,-1.0
ggroad9b,1,2.11,0.0,2.11,2.11,False,False,0.3828,-1.0
ggroom1,2,17.55,0.0,17.55,17.55,False,True,0.4281,-1.0
ggroom2,1,-25.95,0.0,25.95,25.95,False,False,0.205,-0.998
ggroom3,1,51.56,90.0,38.44,51.56,False,False,0.2033,-1.0
ggroom4,1,0.0,0.0,0.0,0.0,False,False,0.1936,-1.0
ggroom5,1,60.46,90.0,29.54,60.46,False,False,0.1573,1.0
ggroom6,1,25.78,0.0,25.78,25.78,False,False,0.2044,-1.0
ggroom7,1,0.0,0.0,0.0,0.0,False,False,0.1936,-1.0
ggsta1,1,19.8,0.0,19.8,19.8,False,False,0.16,-1.0
ggstaen1,2,48.6,90.0,41.4,48.6,False,True,0.1297,1.0
ggstaen2,1,141.8,180.0,38.2,51.8,False,False,0.3268,1.0
ggstand1,1,67.4,90.0,22.6,67.4,False,False,0.52,-1.0
ggview1,1,1.6,0.0,1.6,1.6,False,False,0.2626,1.0
ggview2,1,1.6,0.0,1.6,1.6,False,False,0.2626,1.0
ggwitch1,1,-17.01,0.0,17.01,17.01,False,False,0.3835,-1.0
ggwitch2,1,-51.01,-90.0,38.99,51.01,False,False,0.4532,-1.0
glclock1,2,-0.1,0.0,0.1,0.1,False,False,0.406,-1.0
glclock2,1,-0.17,0.0,0.17,0.17,False,False,0.0281,-1.0
glclub1,2,-9.53,0.0,9.53,9.53,False,True,0.2882,-1.0
glclub2,1,-102.86,-90.0,12.86,12.86,False,False,0.0036,0.999
glclub4,2,-115.91,-90.0,25.91,25.91,False,True,0.1427,-1.0
glclub5,1,45.19,90.0,44.81,45.19,False,False,0.096,-1.0
glform1,1,-19.79,0.0,19.79,19.79,False,False,0.0799,-1.0
glfurin1,1,-0.48,0.0,0.48,0.48,False,False,0.0129,-1.0
glfurin2,1,11.74,0.0,11.74,11.74,False,False,0.1886,1.0
glfurin3,1,95.44,90.0,5.44,5.44,False,False,0.5312,-1.0
glfurin4,1,-0.48,0.0,0.48,0.48,False,False,0.0129,-1.0
glfurin5,1,-0.48,0.0,0.48,0.48,False,False,0.0129,-1.0
glfury1,2,10.59,0.0,10.59,10.59,False,False,0.0263,-1.0
glfury2,1,20.99,0.0,20.99,20.99,False,False,0.3533,1.0
glfuryb1,1,-9.1,0.0,9.1,9.1,False,False,0.4772,-1.0
glgate1,1,13.5,0.0,13.5,13.5,False,False,0.1019,-1.0
glgate2,1,143.25,180.0,36.75,53.25,False,False,0.2901,1.0
glgate2a,1,143.25,180.0,36.75,53.25,False,False,0.2901,1.0
glgate3,1,154.92,180.0,25.08,64.92,False,False,0.0205,1.0
glgate3a,1,154.92,180.0,25.08,64.92,False,False,0.0205,1.0
glgateb1,1,60.02,90.0,29.98,60.02,False,False,0.2721,-1.0
glgatei1,1,45.78,90.0,44.22,45.78,False,False,0.3484,-1.0
glgatei2,1,-140.39,-180.0,39.61,50.39,False,False,0.3038,-1.0
glhtl1,1,-3.21,0.0,3.21,3.21,False,False,0.021,-1.0
glhtr1,1,-24.21,0.0,24.21,24.21,False,False,0.2302,-1.0
glhtr1a,1,-24.21,0.0,24.21,24.21,False,False,0.2302,-1.0
glkara1,1,-3.26,0.0,3.26,3.26,False,False,0.0252,-1.0
glkara2,1,-165.45,-180.0,14.55,75.45,False,False,0.2431,1.0
glmall1,1,33.73,0.0,33.73,33.73,True,False,0.3014,-1.0
glmall2,1,-9.91,0.0,9.91,9.91,False,False,0.063,-1.0
glprefr1,1,0.55,0.0,0.55,0.55,False,False,0.2244,-1.0
glprefr2,1,-171.99,-180.0,8.01,81.99,False,False,0.1393,1.0
glprefr3,1,-57.41,-90.0,32.59,57.41,False,False,0.0435,1.0
glprein1,1,-16.26,0.0,16.26,16.26,False,False,0.1386,-1.0
glpreo1,1,-127.34,-90.0,37.34,37.34,True,False,0.3717,-1.0
glpreo2,1,-154.74,-180.0,25.26,64.74,False,False,0.2541,-1.0
glpreo3,1,-153.87,-180.0,26.13,63.87,False,False,0.0338,-1.0
glrent1,1,-52.15,-90.0,37.85,52.15,False,False,0.0002,-0.79
glroad1,1,-30.01,0.0,30.01,30.01,True,False,0.077,-1.0
glsta1,1,-19.05,0.0,19.05,19.05,False,False,0.6736,-1.0
glsta2,1,-179.85,-180.0,0.15,89.85,False,False,0.0442,0.999
glsta3,1,-179.85,-180.0,0.15,89.85,False,False,0.0442,0.999
glsta4,1,-179.85,-180.0,0.15,89.85,False,False,0.0442,0.999
glstage1,2,179.62,180.0,0.38,89.62,False,True,0.0459,-1.0
glstage2,1,-11.16,0.0,11.16,11.16,False,False,0.8053,-1.0
glstage3,2,-11.16,0.0,11.16,11.16,False,False,0.8053,-1.0
glstaup1,1,-147.34,-180.0,32.66,57.34,False,False,0.2724,-1.0
glstaup2,1,124.78,90.0,34.78,34.78,True,False,0.1159,-1.0
glstaup3,1,-123.07,-90.0,33.07,33.07,True,False,0.2725,-1.0
glstaup4,1,-147.34,-180.0,32.66,57.34,False,False,0.2724,-1.0
glstaup5,1,124.78,90.0,34.78,34.78,True,False,0.1159,-1.0
gltown1,1,-5.26,0.0,5.26,5.26,False,False,0.2376,-0.995
glwater1,1,-3.19,0.0,3.19,3.19,False,False,0.026,-0.974
glwater2,1,89.92,90.0,0.08,89.92,False,False,0.6013,-1.0
glwater3,1,-26.77,0.0,26.77,26.77,False,False,0.4733,-1.0
glwater4,1,-0.5,0.0,0.5,0.5,False,False,0.4695,-1.0
glwater5,1,-0.5,0.0,0.5,0.5,False,False,0.4695,-1.0
glwitch1,2,168.57,180.0,11.43,78.57,False,True,0.0153,1.0
glwitch2,1,13.85,0.0,13.85,13.85,False,False,0.1707,-1.0
glwitch3,2,168.57,180.0,11.43,78.57,False,True,0.0153,1.0
glyagu1,1,-157.99,-180.0,22.01,67.99,False,False,0.0279,-1.0
glyagu2,1,-34.44,0.0,34.44,34.44,True,False,0.2812,1.0
gmcont1,1,0.0,0.0,0.0,0.0,False,False,0.218,-1.0
gmcont2,1,0.0,0.0,0.0,0.0,False,False,0.095,-1.0
gmden1,1,26.81,0.0,26.81,26.81,False,False,0.0726,1.0
gmhouse1,1,-0.13,0.0,0.13,0.13,False,False,0.0068,1.0
gmmoni1,1,0.0,0.0,0.0,0.0,False,False,1.0,-1.0
gmout1,1,68.5,90.0,21.5,68.5,False,False,0.0262,1.0
gmpark1,1,0.0,0.0,0.0,0.0,False,False,0.0347,1.0
gmpark2,1,0.0,0.0,0.0,0.0,False,False,0.0347,1.0
gmshoot1,1,0.0,0.0,0.0,0.0,False,False,0.4661,-1.0
gmtika1,1,46.98,90.0,43.02,46.98,False,False,0.3985,-1.0
gmtika2,1,-60.37,-90.0,29.63,60.37,False,False,0.5708,-1.0
gmtika3,1,0.0,0.0,0.0,0.0,False,False,0.2278,-1.0
gmtika4,1,0.0,0.0,0.0,0.0,False,False,0.6423,-1.0
gmtika5,1,0.0,0.0,0.0,0.0,False,False,0.6143,-1.0
gnroad1,1,0.0,0.0,0.0,0.0,False,False,0.1787,-1.0
gnroad2,1,0.0,0.0,0.0,0.0,False,False,0.1787,-1.0
gnroad3,1,0.0,0.0,0.0,0.0,False,False,0.1787,-1.0
gnroad4,1,0.0,0.0,0.0,0.0,False,False,0.1787,-1.0
gnroad5,1,0.0,0.0,0.0,0.0,False,False,0.0,
gnroom1,1,0.0,0.0,0.0,0.0,False,False,0.0525,-1.0
gnroom2,1,0.0,0.0,0.0,0.0,False,False,0.2019,-1.0
gnroom3,1,0.0,0.0,0.0,0.0,False,False,0.085,-1.0
gnroom4,1,0.0,0.0,0.0,0.0,False,False,0.0498,-1.0
gnview1,1,19.5,0.0,19.5,19.5,False,False,0.1942,-1.0
gover,1,0.0,0.0,0.0,0.0,False,False,1.0,-1.0
gparm1,1,-108.5,-90.0,18.5,18.5,False,False,0.6884,-1.0
gpbig1,1,38.32,0.0,38.32,38.32,True,False,0.2086,-1.0
gpbig1a,1,38.32,0.0,38.32,38.32,True,False,0.2086,-1.0
gpbig2,1,-24.76,0.0,24.76,24.76,False,False,0.1648,-1.0
gpbig2a,1,-24.76,0.0,24.76,24.76,False,False,0.1648,-1.0
gpbig3,1,60.01,90.0,29.99,60.01,False,False,0.1672,-1.0
gpbigin1,1,0.0,0.0,0.0,0.0,False,False,0.0,
gpbigin2,1,12.59,0.0,12.59,12.59,False,False,0.6157,-1.0
gpbigin3,1,0.0,0.0,0.0,0.0,False,False,0.0,
gpbigin4,1,12.59,0.0,12.59,12.59,False,False,0.6157,-1.0
gpbigin5,1,12.59,0.0,12.59,12.59,False,False,0.6157,-1.0
gpbigin6,1,0.0,0.0,0.0,0.0,False,False,0.0,
gpbrdg1,1,129.1,90.0,39.1,39.1,True,False,0.6789,0.875
gpcell1,1,-3.7,0.0,3.7,3.7,False,False,0.2258,-1.0
gpcont1,1,0.0,0.0,0.0,0.0,False,False,0.1013,-1.0
gpcont2,1,-108.31,-90.0,18.31,18.31,False,False,0.1154,-1.0
gpescap1,1,4.26,0.0,4.26,4.26,False,False,0.1968,-1.0
gpexit1,1,98.49,90.0,8.49,8.49,False,False,0.0048,0.994
gpexit2,2,90.0,90.0,0.0,0.0,False,False,0.0701,-1.0
gpgmn1,1,70.2,90.0,19.8,70.2,False,False,0.402,-1.0
gpgmn1a,1,70.2,90.0,19.8,70.2,False,False,0.402,-1.0
gpgmn2,1,-4.59,0.0,4.59,4.59,False,False,0.5866,-1.0
gpgmn3,1,38.8,0.0,38.8,38.8,True,False,0.4694,-1.0
gppark1,1,-46.8,-90.0,43.2,46.8,False,False,0.4264,-1.0
gproof1,1,13.6,0.0,13.6,13.6,False,False,0.6985,-1.0
gproof2,1,-17.77,0.0,17.77,17.77,False,False,0.2677,-1.0
gwbrook1,1,-48.71,-90.0,41.29,48.71,False,False,0.5375,-1.0
gwenter1,1,2.1,0.0,2.1,2.1,False,False,0.213,-1.0
gwgrass1,1,-28.51,0.0,28.51,28.51,False,False,0.4742,-1.0
gwpool1,1,-0.21,0.0,0.21,0.21,False,False,0.2522,-1.0
gwpool2,1,-0.21,0.0,0.21,0.21,False,False,0.1514,-1.0
gwroad1,1,2.1,0.0,2.1,2.1,False,False,0.213,-1.0
logo,1,0.0,0.0,0.0,0.0,False,False,1.0,-1.0
rgair1,1,-14.71,0.0,14.71,14.71,False,False,0.1755,-1.0
rgair2,1,-14.71,0.0,14.71,14.71,False,False,0.1755,-1.0
rgair3,1,-18.99,0.0,18.99,18.99,False,False,0.2317,1.0
rgcock1,1,-152.4,-180.0,27.6,62.4,False,False,0.0278,-1.0
rgcock2,1,-35.87,0.0,35.87,35.87,True,False,0.4928,-1.0
rgcock3,2,-28.07,0.0,28.07,28.07,False,True,0.0836,-1.0
rgcock4,1,-35.87,0.0,35.87,35.87,True,False,0.4928,-1.0
rgcock5,1,-28.07,0.0,28.07,28.07,False,False,0.0836,-1.0
rgexit1,1,-11.21,0.0,11.21,11.21,False,False,0.3091,-1.0
rgexit2,1,-11.21,0.0,11.21,11.21,False,False,0.3091,-1.0
rgguest1,1,156.11,180.0,23.89,66.11,False,False,0.2817,-1.0
rgguest2,1,6.89,0.0,6.89,6.89,False,False,0.0067,1.0
rgguest3,1,6.89,0.0,6.89,6.89,False,False,0.0067,1.0
rgguest4,1,6.89,0.0,6.89,6.89,False,False,0.0067,1.0
rghang1,1,-17.71,0.0,17.71,17.71,False,False,0.0591,1.0
rghang11,1,-17.71,0.0,17.71,17.71,False,False,0.0591,1.0
rghang2,1,-9.3,0.0,9.3,9.3,False,False,0.0173,1.0
rghatch1,2,31.64,0.0,31.64,31.64,True,False,0.8743,-1.0
rghatch2,1,31.64,0.0,31.64,31.64,True,False,0.8743,-1.0
rgroad1,1,11.08,0.0,11.08,11.08,False,False,0.1028,1.0
rgroad11,1,11.08,0.0,11.08,11.08,False,False,0.1028,1.0
rgroad2,1,16.99,0.0,16.99,16.99,False,False,0.1009,1.0
rgroad21,1,16.99,0.0,16.99,16.99,False,False,0.1009,1.0
rgroad3,1,-12.21,0.0,12.21,12.21,False,False,0.2943,-1.0
rgroad31,1,-12.21,0.0,12.21,12.21,False,False,0.2943,-1.0
sdcore1,1,9.03,0.0,9.03,9.03,False,False,0.067,1.0
sdcore2,1,12.58,0.0,12.58,12.58,False,False,0.6996,-1.0
sdisle1,1,16.92,0.0,16.92,16.92,False,False,0.0623,1.0
seback1,1,102.31,90.0,12.31,12.31,False,False,0.6252,-1.0
seback2,1,102.31,90.0,12.31,12.31,False,False,0.6252,-1.0
secont1,1,-21.41,0.0,21.41,21.41,False,False,0.1531,-1.0
secont2,1,-21.41,0.0,21.41,21.41,False,False,0.1531,-1.0
sefront1,1,36.0,0.0,36.0,36.0,True,False,0.1323,-1.0
sefront2,1,141.41,180.0,38.59,51.41,False,False,0.0712,-1.0
sefront3,1,36.0,0.0,36.0,36.0,True,False,0.1323,-1.0
sefront4,1,141.41,180.0,38.59,51.41,False,False,0.0712,-1.0
seroom1,1,102.52,90.0,12.52,12.52,False,False,0.2073,-1.0
seroom2,1,102.52,90.0,12.52,12.52,False,False,0.2073,-1.0
ssadel1,1,28.1,0.0,28.1,28.1,False,False,0.413,1.0
ssadel2,1,74.3,90.0,15.7,74.3,False,False,0.3778,1.0
ssblock1,1,90.11,90.0,0.11,0.11,False,False,0.9998,-1.0
sscont1,1,38.4,0.0,38.4,38.4,True,False,0.0088,1.0
sscont2,1,34.59,0.0,34.59,34.59,True,False,0.5907,-1.0
ssdock1,1,0.7,0.0,0.7,0.7,False,False,0.8385,-0.298
sselone1,1,-0.5,0.0,0.5,0.5,False,False,0.0071,-1.0
sslock1,1,28.74,0.0,28.74,28.74,False,False,0.446,-1.0
ssmedi1,1,12.79,0.0,12.79,12.79,False,False,0.1755,-1.0
ssmedi2,1,0.0,0.0,0.0,0.0,False,False,1.0,-1.0
sspack1,1,-1.47,0.0,1.47,1.47,False,False,0.6902,-1.0
sspod1,1,0.38,0.0,0.38,0.38,False,False,0.0786,-1.0
sspod2,1,31.29,0.0,31.29,31.29,True,False,0.806,-1.0
sspod3,1,157.12,180.0,22.88,67.12,False,False,0.85,1.0
ssroad1,1,30.43,0.0,30.43,30.43,True,False,0.3019,1.0
ssroad2,1,-117.0,-90.0,27.0,27.0,False,False,0.7219,-1.0
ssroad3,1,148.21,180.0,31.79,58.21,False,False,0.707,-1.0
ssspace1,1,35.16,0.0,35.16,35.16,True,False,0.2542,0.993
ssspace2,30,0.0,0.0,0.0,0.0,False,False,0.4114,1.0
ssspace3,1,0.0,0.0,0.0,0.0,False,False,1.0,-1.0
start0,1,0.0,0.0,0.0,0.0,False,False,1.0,-1.0
test,1,0.0,0.0,0.0,0.0,False,False,0.8945,-1.0
test1,1,0.0,0.0,0.0,0.0,False,False,0.8945,-1.0
test10,1,0.0,0.0,0.0,0.0,False,False,0.0,
test11,1,-7.6,0.0,7.6,7.6,False,False,0.0855,-1.0
test12,1,26.03,0.0,26.03,26.03,False,False,0.1529,-1.0
test13,1,0.0,0.0,0.0,0.0,False,False,0.8945,-1.0
test14,1,0.0,0.0,0.0,0.0,False,False,0.8945,-1.0
test2,1,0.0,0.0,0.0,0.0,False,False,0.8945,-1.0
test3,1,0.0,0.0,0.0,0.0,False,False,0.8945,-1.0
test5,1,0.0,0.0,0.0,0.0,False,False,0.8945,-1.0
test6,1,0.0,0.0,0.0,0.0,False,False,0.5549,-1.0
test7,1,0.0,0.0,0.0,0.0,False,False,0.5549,-1.0
test9,1,0.0,0.0,0.0,0.0,False,False,0.8945,-1.0
testbl1,1,0.0,0.0,0.0,0.0,False,False,0.5549,-1.0
testbl2,1,0.0,0.0,0.0,0.0,False,False,0.8945,-1.0
testbl3,1,0.0,0.0,0.0,0.0,False,False,0.8945,-1.0
testbl4,1,0.0,0.0,0.0,0.0,False,False,0.8945,-1.0
testbl6,1,0.0,0.0,0.0,0.0,False,False,0.8945,-1.0
testbl9,1,91.58,90.0,1.58,1.58,False,False,0.0977,-1.0
testblmv,1,0.0,0.0,0.0,0.0,False,False,0.8945,-1.0
testno,1,0.0,0.0,0.0,0.0,False,False,1.0,-1.0
tgcourt1,2,63.96,90.0,26.04,63.96,False,False,0.0369,1.0
tgcourt2,1,83.96,90.0,6.04,83.96,False,False,0.1392,-1.0
tgcourt3,2,78.43,90.0,11.57,78.43,False,False,0.1757,-1.0
tgcourt4,1,67.37,90.0,22.63,67.37,False,False,0.8097,-1.0
tgcourt5,2,63.96,90.0,26.04,63.96,False,False,0.0369,1.0
tgfront1,1,0.0,0.0,0.0,0.0,False,False,0.2212,-1.0
tggara1,1,3.67,0.0,3.67,3.67,False,False,0.4673,-1.0
tggate1,1,-0.1,0.0,0.1,0.1,False,False,0.1316,-1.0
tggrave1,1,1.44,0.0,1.44,1.44,False,False,0.1729,-1.0
tgroom1,1,14.06,0.0,14.06,14.06,False,False,0.8111,-1.0
tgroom2,1,30.11,0.0,30.11,30.11,True,False,0.3428,-1.0
tgstage1,1,32.58,0.0,32.58,32.58,True,False,0.1968,-0.904
tgview1,1,-31.61,0.0,31.61,31.61,True,False,0.1837,1.0
tiagit1,1,9.73,0.0,9.73,9.73,False,False,0.2033,-1.0
tiagit2,1,44.69,0.0,44.69,44.69,True,False,0.6403,-1.0
tiagit3,1,-0.01,0.0,0.01,0.01,False,False,0.7068,-1.0
tiagit4,1,20.81,0.0,20.81,20.81,False,False,0.164,-1.0
tiagit5,1,89.96,90.0,0.04,89.96,False,False,0.9954,-1.0
tiback1,1,0.1,0.0,0.1,0.1,False,False,0.9963,-1.0
tiback2,1,88.21,90.0,1.79,88.21,False,False,0.0647,1.0
tigate1,1,0.0,0.0,0.0,0.0,False,False,0.0,
tihtl1,1,48.7,90.0,41.3,48.7,False,False,0.2666,-1.0
tihtr1,1,41.25,0.0,41.25,41.25,True,False,0.5929,-1.0
tilink1,1,90.0,90.0,0.0,0.0,False,False,0.0,
tilink2,1,90.0,90.0,0.0,0.0,False,False,0.0,
timania1,1,0.0,0.0,0.0,0.0,False,False,0.1304,-1.0
timania2,1,22.13,0.0,22.13,22.13,False,False,0.8407,-1.0
timania3,1,155.08,180.0,24.92,65.08,False,False,0.0285,-1.0
timania4,1,-1.3,0.0,1.3,1.3,False,False,0.0691,1.0
timania5,1,-4.22,0.0,4.22,4.22,False,False,0.0433,-1.0
timin1,1,2.28,0.0,2.28,2.28,False,False,0.1246,-1.0
timin21,1,0.0,0.0,0.0,0.0,False,False,0.3474,-1.0
timin22,1,0.0,0.0,0.0,0.0,False,False,0.2617,-1.0
tipub1,1,76.21,90.0,13.79,76.21,False,False,0.0304,1.0
tistud1,1,22.94,0.0,22.94,22.94,False,False,0.4303,-1.0
tistud21,1,-37.33,0.0,37.33,37.33,True,False,0.5616,-1.0
tistud22,1,-37.33,0.0,37.33,37.33,True,False,0.5616,-1.0
titown1,1,31.5,0.0,31.5,31.5,True,False,0.1133,-1.0
titown2,1,-0.41,0.0,0.41,0.41,False,False,0.4053,-1.0
titown3,1,-24.61,0.0,24.61,24.61,False,False,0.0529,-1.0
titown4,1,-26.16,0.0,26.16,26.16,False,False,0.3261,-1.0
titown51,1,0.04,0.0,0.04,0.04,False,False,0.0024,-1.0
titown52,1,-37.1,0.0,37.1,37.1,True,False,0.1276,-1.0
titown6,1,-0.5,0.0,0.5,0.5,False,False,0.3486,-1.0
titown7,1,21.02,0.0,21.02,21.02,False,False,0.0944,-1.0
titown8,1,14.02,0.0,14.02,14.02,False,False,0.0533,-1.0
titrain1,1,0.0,0.0,0.0,0.0,False,False,0.1123,-1.0
titv1,1,97.6,90.0,7.6,7.6,False,False,0.3007,1.0
titvout1,1,95.91,90.0,5.91,5.91,False,False,0.1409,-1.0
tivisi1,1,0.1,0.0,0.1,0.1,False,False,0.0479,1.0
tivisi2,2,0.1,0.0,0.1,0.1,False,False,0.0479,1.0
tiyane1,1,90.0,90.0,0.0,0.0,False,False,0.1392,-1.0
tiyane2,1,90.0,90.0,0.0,0.0,False,False,0.0869,-1.0
tiyane3,1,55.8,90.0,34.2,55.8,False,False,0.1769,-1.0
tmdome1,1,-1.13,0.0,1.13,1.13,False,False,0.0181,-1.0
tmdome2,1,0.06,0.0,0.06,0.06,False,False,0.533,-1.0
tmelder1,1,23.2,0.0,23.2,23.2,False,False,0.1063,1.0
tmele1,1,19.99,0.0,19.99,19.99,False,False,0.1927,-1.0
tmgate1,1,106.31,90.0,16.31,16.31,False,False,0.1252,-1.0
tmhtl1,1,2.1,0.0,2.1,2.1,False,False,0.0384,1.0
tmhtr1,1,-20.51,0.0,20.51,20.51,False,False,0.2967,-1.0
tmkobo1,1,-13.51,0.0,13.51,13.51,False,False,0.0317,-1.0
tmkobo2,1,-43.97,0.0,43.97,43.97,True,False,0.1431,-1.0
tmmin1,1,0.0,0.0,0.0,0.0,False,False,0.5005,-1.0
tmmura1,1,11.51,0.0,11.51,11.51,False,False,0.0284,-1.0
tmmura2,1,32.01,0.0,32.01,32.01,True,False,0.0016,0.993
tmsand1,1,12.34,0.0,12.34,12.34,False,False,0.8667,-1.0
tvglen1,1,-29.49,0.0,29.49,29.49,False,False,0.2732,-1.0
tvglen2,1,0.0,0.0,0.0,0.0,False,False,0.1995,-1.0
tvglen3,1,15.29,0.0,15.29,15.29,False,False,0.4067,-1.0
tvglen4,1,-27.51,0.0,27.51,27.51,False,False,0.3845,-1.0
tvglen5,1,15.7,0.0,15.7,15.7,False,False,0.0262,1.0
